"id_barang","nama_barang","total_stok_barang","total_transaksi","total_terjual","stok_saat_ini","tahun"
"228327","BERAS KETAN 2 KG","7000","26","6751","249","2020"
"270422","BODREX 1 LEMBAR","7000","30","6358","642","2020"
"251405","GULA PASIR 1/2 KG","7000","3619","6233","767","2020"
"274214","GULA PASIR 1 KG","7000","2280","5937","1063","2020"
"137934","TELOR 1/2KG","7000","2919","3556","3444","2020"
"140130","GAS 3 KG","7000","1688","3476","3524","2020"
"159221","MIE BECAK 1 PCS","7000","28","3400","3600","2020"
"174601","KEDELE PANDA RENCENG","7000","28","3400","3600","2020"
"211180","MIE MOJANG KWETIAU ","7000","15","3400","3600","2020"
"181386","GULA PASIR 1/4 KG","7000","983","3335","3665","2020"
"226847","MINYAK MALINDA 1 KG","7000","1456","2757","4243","2020"
"194646","BONCABE GOLD LEVEL 30 RENCENG","7000","31","2687","4313","2020"
"166683","TERIGU DAHLIA 1 KG","7000","1408","2176","4824","2020"
"122073","TERIGU DAHLIA 1/2 KG","7000","1260","1949","5051","2020"
"236498","BERAS 1 KG","7000","529","1775","5225","2020"
"246529","TELOR 1 KG","7000","1125","1633","5367","2020"
"133997","PERMEN COIN","7000","441","1591","5409","2020"
"170683","MINYAK MALINDA 1/2 KG","7000","791","1414","5586","2020"
"201003","MAKARONI PEDAS KILOAN","7000","125","1256","5744","2020"
"130827","BAWANG PUTIH 1/4 KG","7000","925","1028","5972","2020"
"176431","SPON MANDI BELIMBING WARNA","7000","32","945","6055","2020"
"161703","PLASTIK PARASUT PUTIH KECIL","7000","368","904","6096","2020"
"237973","ACI 1/2KG","7000","556","870","6130","2020"
"127694","TEPUNG SEGITIGA BIRU 1 KG","7000","384","854","6146","2020"
"280307","TOLAK ANGIN CAIR 1 RENCENG","7000","151","854","6146","2020"
"116020","GULA MERAH PURNAMA 1/4 KG","7000","605","805","6195","2020"
"150755","DUS SNACK MERAH PUTIH 1 PCS","7000","26","802","6198","2020"
"286532","MINYAK MALINDA 1/4 KG","7000","214","788","6212","2020"
"235662","TEH SEPEDA BALAP 1 PACK+GELAS","7000","314","779","6221","2020"
"224903","BERAS 2.5KG","7000","527","775","6225","2020"
"195739","ACI 1 KG","7000","506","762","6238","2020"
"176217","KEMIRI 1 ONS","7000","648","746","6254","2020"
"243458","TEPUNG SEGITIGA BIRU 1/2 KG","7000","319","736","6264","2020"
"274622","CHOKI CHOKI 1 PCS","7000","399","726","6274","2020"
"100371","TERIGU DAHLIA 1/4 KG","7000","326","694","6306","2020"
"245159","STEROFOAM NASI+LAUK 1PCS","7000","20","679","6321","2020"
"141456","TELOR 1/4KG","7000","528","668","6332","2020"
"295752","ACI 1/4KG","7000","299","537","6463","2020"
"237600","KERUPUK MIE KUNING 1/4 KG","7000","372","503","6497","2020"
"292733","BERAS 5 KG","7000","426","501","6499","2020"
"156317","CORNETTO MINI ALL VARIAN 28ML","7000","237","484","6516","2020"
"202791","MIKA BESAR 2A 1 PCS","7000","4","478","6522","2020"
"171456","KERTAS KADO 1 PCS","7000","226","431","6569","2020"
"109575","STEROFOAM SEBLAK 1 PCS","7000","17","417","6583","2020"
"283221","KERUPUK ORANGE 1/4 KG","7000","297","417","6583","2020"
"171915","PINO ICE CUP X6","7000","163","413","6587","2020"
"130388","KOREK GAS TOKAY","7000","304","407","6593","2020"
"191903","PILUS BAWANG KILOAN KECIL","7000","299","405","6595","2020"
"226760","GULA MERAH PURNAMA 1/2 KG","7000","354","402","6598","2020"
"203080","PLAY GUM 1 PCS","7000","149","400","6600","2020"
"238563","PLASTIK PARASUT PUTIH BESAR","7000","202","376","6624","2020"
"247538","MIKA NS 2A","7000","2","360","6640","2020"
"259213","DUS SNACK PUTIH BESAR 1 PCS","7000","10","350","6650","2020"
"147238","CITRUN RENCENG","7000","290","338","6662","2020"
"133784","2TANG HIJAU 1 SLOP","7000","251","330","6670","2020"
"210170","MORISON TAWAR JUMBO 9000","7000","307","330","6670","2020"
"258628","TEPUNG GORENGAN CAP PADI KUNING  200G","7000","220","322","6678","2020"
"212097","KADO PARCEL 1 PCS","7000","17","312","6688","2020"
"281718","KACANG KILOAN","7000","249","311","6689","2020"
"263563","VANILLI 2 PCS","7000","136","310","6690","2020"
"205638","LOLIPOP 50GR MEGA CANDY","7000","270","309","6691","2020"
"259919","ROTI MORISON 8000","7000","267","300","6700","2020"
"275187","PASEO SMART FT 250S","7000","253","298","6702","2020"
"120283","STEROFOAM BUBUR 1PCS","7000","10","296","6704","2020"
"146548","KERIPIK PISANG MADU KILOAN","7000","234","288","6712","2020"
"185401","LADAKU MERICA 1 PCS","7000","11","288","6712","2020"
"190199","ISI ULANG GALON AQUA","7000","246","286","6714","2020"
"257167","PLASTIK TOYA HITAM KECIL","7000","221","282","6718","2020"
"275268","RAJAMAKRON 500G","7000","225","275","6725","2020"
"125868","BERAS 25 KG","7000","246","271","6729","2020"
"164589","PLASTIK ES 555 10X20","7000","250","266","6734","2020"
"253096","TEH SEPEDA BALAP 1 SLOP+2 GELAS","7000","144","264","6736","2020"
"142385","PAYUNG COKLAT 1 PCS","7000","296","255","6745","2020"
"183703","KUE KACANG 1 PACK","7000","187","254","6746","2020"
"260492","PLASTIK TOYA HITAM BESAR","7000","160","253","6747","2020"
"105940","AMANDA MARGARINE 1/4KG","7000","199","245","6755","2020"
"111899","PLASTIK ES 555 UK.12X20 1 PCS","7000","238","243","6757","2020"
"277913","STEROFOAM MANGKOK 1PCS","7000","3","236","6764","2020"
"272349","KACANG ASIN KILOAN","7000","171","216","6784","2020"
"143432","AGRO GELAS 1 DUS","7000","151","211","6789","2020"
"149929","TEPUNG HUNKWE PUTIH 56GR","7000","58","209","6791","2020"
"113483","KACANG TANAH 1/4","7000","158","208","6792","2020"
"207300","PLASTIK ATM/IDOLA UK 15","7000","131","201","6799","2020"
"173625","MIKA TANGGUNG1PCS","7000","6","199","6801","2020"
"201664","SENG","7000","79","192","6808","2020"
"246599","CAOS MERAH PUTIH","7000","132","191","6809","2020"
"207064","COIN MAINAN","7000","40","188","6812","2020"
"176476","SEDAP AYAM BAWANG 1 DUS","7000","116","187","6813","2020"
"161203","NICE FT 180S","7000","136","184","6816","2020"
"207840","MIE LIDI BESAR","7000","137","184","6816","2020"
"141477","TEH DANDANG 1 PACK+GELAS","7000","59","183","6817","2020"
"211821","KETUMBAR 1/2 ONS","7000","155","181","6819","2020"
"171197","VIT 220ML BOTOL 1 DUS","7000","76","180","6820","2020"
"266979","DUS SNACK PUTIH KECIL 1 PCS","7000","5","180","6820","2020"
"124363","BERAS 2 KG","7000","130","179","6821","2020"
"129072","TEH DANDANG HIJAU 7G 1SLOP","7000","135","178","6822","2020"
"210394","DINOSAURUS EGG 1 PCS","7000","112","178","6822","2020"
"130609","AGAR KIT HIJAU 1 PCS","7000","78","173","6827","2020"
"236819","MAZHU 1 DUS","7000","138","173","6827","2020"
"230504","KEMIRI 1/4 KG","7000","154","170","6830","2020"
"157173","KERIPIK SINGKONG KILOAN","7000","146","167","6833","2020"
"116679","KERUPUK SEBLAK KILOAN","7000","137","165","6835","2020"
"253719","ROTI MORISON 12000","7000","144","164","6836","2020"
"106761","SAOS SARANANDA","7000","107","162","6838","2020"
"221663","KOREK KAYU DURIAN","7000","65","158","6842","2020"
"229797","KERUPUK UDANG 2 GAJAH BESAR 250G","7000","72","158","6842","2020"
"131403","BERAS ZAKAT 2,5 KG","7000","35","156","6844","2020"
"119619","GUNTUR SNACK","7000","118","152","6848","2020"
"166654","SUNCO REFIL 500 ML","7000","1","150","6850","2020"
"213080","ABC KECAP 135ML BOTOL","7000","1","150","6850","2020"
"296880","ABC SAMBAL 135ML BOTOL","7000","1","150","6850","2020"
"130121","PULPEN STANDARD ALL WARNA","7000","87","148","6852","2020"
"213312","MIKA NS 4A 1 PCS","7000","4","145","6855","2020"
"282119","GULA MERAH PURNAMA 1 KG","7000","103","145","6855","2020"
"148270","PLASTIK ES 555 8X25","7000","136","143","6857","2020"
"183753","GULA BATU 250G","7000","88","143","6857","2020"
"207739","PLASTIK BOYO 12X20","7000","127","142","6858","2020"
"125601","OVALET 1 PCS","7000","102","140","6860","2020"
"210246","AGAR KIT MERAH 1 PCS","7000","62","140","6860","2020"
"284178","SAGU MUTIARA 1/2 KG","7000","74","139","6861","2020"
"209068","KERUPUK TENGIRI KILOAN","7000","120","136","6864","2020"
"212943","VIT GELAS 220ML 1 DUS","7000","107","136","6864","2020"
"100522","MERICA KILOAN 1/2 ONS","7000","126","135","6865","2020"
"110443","COKLAT BATANGAN 1 PCS","7000","36","131","6869","2020"
"124698","TELOR 2 PCS","7000","1","130","6870","2020"
"125235","UNIKO KILOAN","7000","117","130","6870","2020"
"236080","BELLA COKLAT KILOAN","7000","109","129","6871","2020"
"168649","TEPUNG PANIR 1/4KG","7000","103","125","6875","2020"
"104124","PANG PANG KILOAN","7000","112","124","6876","2020"
"119222","OPAK PEDAS KILOAN","7000","104","122","6878","2020"
"264402","NICE FT 250S","7000","109","121","6879","2020"
"120789","ACI KRIWIL 1/2 KG","7000","86","118","6882","2020"
"168017","KERIPIK PISANG KILOAN","7000","96","115","6885","2020"
"153974","KOKINYA TEPUNG MAIZENA 250G","7000","102","114","6886","2020"
"271781","EMPING MENTAH 1/4KG","7000","76","114","6886","2020"
"166560","GULA HALUS INTISARI 250G","7000","104","112","6888","2020"
"256603","COKELAT TAYO 1 PCS","7000","75","112","6888","2020"
"296184","BATERAI ABC KECIL ISI 4","7000","90","111","6889","2020"
"171813","MINYAK WANGI SHINA","7000","99","110","6890","2020"
"198768","PLASTIK BOYO 10X17","7000","105","110","6890","2020"
"235163","MIE LIDI KECIL","7000","82","108","6892","2020"
"251867","SEDAP SOTO 1 DUS","7000","74","107","6893","2020"
"107968","ACI KRIWIL 1 KG","7000","67","106","6894","2020"
"124866","SWALLOW SANDAL ALL SIZE ","7000","100","105","6895","2020"
"108556","STEROFOAM BUBUR X50","7000","13","104","6896","2020"
"186627","TEPUNG PANIR 1/2KG","7000","83","103","6897","2020"
"270042","GULA BATU 500G","7000","74","103","6897","2020"
"247618","TIK TIK RENCENG","7000","86","102","6898","2020"
"265279","MIKA NS 3CA","7000","2","101","6899","2020"
"124711","STEROFOAM LOS BESAR 1PCS","7000","3","100","6900","2020"
"138105","MAURI-PAN","7000","86","100","6900","2020"
"140780","ABC SARDINES 425GR","7000","1","100","6900","2020"
"142584","GOPEK @500 1 RENCENG","7000","77","100","6900","2020"
"145006","ABC SARDINES 155GR","7000","1","100","6900","2020"
"240733","OPAK GURIH KILOAN","7000","92","100","6900","2020"
"167353","AQUA GELAS 220ML 1 DUS","7000","79","99","6901","2020"
"169352","POTAKRIP RENCENG","7000","86","99","6901","2020"
"117961","TAHU MALIK KILOAN","7000","83","98","6902","2020"
"151665","2TANG SUPER MELATI 1SLOP","7000","73","97","6903","2020"
"235475","TELOR GABUS KILOAN","7000","82","97","6903","2020"
"221454","TOLAK ANGIN CAIR ANAK 1 PCS","7000","45","96","6904","2020"
"126009","PERMEN HOT HOT POP (1BIJI)","7000","54","95","6905","2020"
"145776","PANGSIT KILOAN","7000","78","95","6905","2020"
"115753","PEMANIS CAP TIGA T.","7000","71","94","6906","2020"
"161838","MIE BULAN 27 KEPING","7000","65","94","6906","2020"
"114773","PERMEN MAINAN GANGSING 1 PCS","7000","71","92","6908","2020"
"145153","PASEO SMART FT 50S","7000","78","92","6908","2020"
"182109","ZEGAR 1 DUS","7000","84","92","6908","2020"
"129705","CENDOL WIJEN KILOAN","7000","78","91","6909","2020"
"140279","YUPI KISS STRAWBERRY 2PCS","7000","45","91","6909","2020"
"136590","TBM/SP 1 PCS","7000","54","90","6910","2020"
"156738","BERAS KETAN 1 KG","7000","56","89","6911","2020"
"299956","KOPIKAP 1 DUS","7000","80","88","6912","2020"
"202704","BAWANG PUTIH 1/2 KG","7000","79","87","6913","2020"
"278295","PISANG SALE KILOAN ","7000","65","86","6914","2020"
"278543","PLASTIK ES 555 UK.12X25 1 PCS","7000","83","86","6914","2020"
"291945","KACANG KORO KILOAN KECIL","7000","81","86","6914","2020"
"112018","PERMEN HOT MILK 1 BIJI","7000","49","85","6915","2020"
"242591","PLASTIK ES 555 UK.15X30 1 PCS","7000","79","85","6915","2020"
"195729","KERIPIK SINGKONG PEDAS KILOAN","7000","65","84","6916","2020"
"202448","FETTA 50ML RENCENG","7000","42","84","6916","2020"
"200136","RIBUT KILOAN","7000","77","83","6917","2020"
"221039","KARET KUPU KUPU 100G","7000","78","83","6917","2020"
"238717","KERTAS COKLAT 1 PCS","7000","21","83","6917","2020"
"297580","BAGELAN KILOAN","7000","62","83","6917","2020"
"108210","KERUPUK BUNGA 1/4","7000","72","81","6919","2020"
"290055","ROTI MORISON 9500","7000","79","81","6919","2020"
"219034","FAIR & LOVELY FACIAL FOAM 9G 1PCS","7000","51","80","6920","2020"
"188849","TUTON ISI12 1SLOP","7000","64","79","6921","2020"
"160911","GULA BATU KECIL","7000","34","78","6922","2020"
"140142","KARET KUPU KUPU 500G","7000","77","77","6923","2020"
"150045","ROTI NESYA 2000","7000","43","77","6923","2020"
"212683","KACANG TANAH  1/2 KG","7000","68","76","6924","2020"
"122668","KARET GELANG MERAH 100G","7000","63","75","6925","2020"
"224061","AQUA BOTOL 330ML 1DUS","7000","48","75","6925","2020"
"226778","SP VETA 1 PCS","7000","51","75","6925","2020"
"163775","MAKARONI DELON 1KG","7000","72","74","6926","2020"
"164103","NGEMIL KUY 1 BOX","7000","68","74","6926","2020"
"289527","FAIR&LOVELY MULTIVITAMIN CRM 1 PCS","7000","53","74","6926","2020"
"240059","PERMEN BUBLE KING 2PCS","7000","33","73","6927","2020"
"200962","2TANG PREMIUM 1SLOP","7000","55","71","6929","2020"
"233570","HUKI DOT SILICONE ALL VARIANS","7000","57","71","6929","2020"
"141106","HAPPY ES TELLER 24 1 DUS","7000","59","70","6930","2020"
"200636","NGEMIL KUY POUCH ALL VARIAN","7000","64","70","6930","2020"
"286950","PILUS KAPSUL KILOAN","7000","61","70","6930","2020"
"179215","PLASTIK ES TOMAT 7X20","7000","65","68","6932","2020"
"218808","FAIR LOVELY KRIM MULTI VITAMIN 9G 1 PCS","7000","55","68","6932","2020"
"156556","ALE ALE STRAWBERRY 1 DUS","7000","57","66","6934","2020"
"157196","ISOLASI  NACHI TEBAL","7000","49","66","6934","2020"
"253194","NAURIPAN 1 BKS","7000","59","65","6935","2020"
"139305","KERIPIK PISANG KEJU KILOAN","7000","56","64","6936","2020"
"100618","MINO KILOAN","7000","54","63","6937","2020"
"103857","SOUN MERAH PUTIH KECIL","7000","35","63","6937","2020"
"159437","RABBANI SNACK ALL VARIAN","7000","54","63","6937","2020"
"106064","KETUMBAR 1 ONS","7000","54","62","6938","2020"
"137803","PITA TARIK PANJANG","7000","15","61","6939","2020"
"148839","SASA SANTAN BUBUK 20G 1 PCS","7000","33","61","6939","2020"
"181975","SPIDOL SNOWMAN ALL VARIAN","7000","37","61","6939","2020"
"286887","KUPING GAJAH KILOAN","7000","51","61","6939","2020"
"132961","ROTI MORISON 7500","7000","58","60","6940","2020"
"151936","KACANG TEPUNG KILOAN","7000","57","60","6940","2020"
"171901","PERMEN JAHE MANGKOK","7000","57","60","6940","2020"
"286820","PLASTIK BOYO UK 15X30","7000","55","60","6940","2020"
"160117","GULA PTH KILOAN 1/2KG","7000","22","59","6941","2020"
"245451","PASEO BABY WIPES YELLOW 50S","7000","53","59","6941","2020"
"208947","MIE DESA 1 PCS","7000","23","58","6942","2020"
"107302","SUPER TETRA 1 STRIP","7000","26","57","6943","2020"
"116134","PLASTIK ES 555 15X25","7000","49","57","6943","2020"
"170074","PULPEN GANTUNGAN BLACKPINK","7000","36","57","6943","2020"
"123448","ACI KRIWIL 1/4 KG","7000","36","56","6944","2020"
"256454","ASEM JAWA 1 PCS","7000","37","56","6944","2020"
"117429","MASKER SKRINER 3 PLY","7000","18","55","6945","2020"
"272287","PLASTIK BOYO UK 9X15","7000","54","55","6945","2020"
"277044","VIT GELAS 200ML 1 DUS","7000","47","55","6945","2020"
"123086","PLASTIK PARASUT PUTIH KECIL 1 IKAT","7000","52","54","6946","2020"
"130673","PINO ICE CUP 1 PACK","7000","53","54","6946","2020"
"161789","ROTI MORISON 9000","7000","53","54","6946","2020"
"145310","INDOMILK COKLAT 115ML 1DUS","7000","52","53","6947","2020"
"126936","KOYO HANSAPLAST PANAS 1 PCS","7000","22","52","6948","2020"
"139637","GARAM BALOK KECIL","7000","39","52","6948","2020"
"148561","ISOLASI NACHI KECIL","7000","34","52","6948","2020"
"196622","PLASTIK ATM UK 21","7000","38","52","6948","2020"
"175327","DODO SILICONE ALL VARIANS","7000","37","51","6949","2020"
"261310","GULA MERAH COIN 1/4 KG","7000","43","51","6949","2020"
"205252","PICSUS IKAN KERAPU PACK","7000","45","50","6950","2020"
"102420","SAGU MUTIARA 1/4","7000","43","49","6951","2020"
"144818","GUNTING KUKU BAICHANG KECIL","7000","46","49","6951","2020"
"152851","PLASTIK ES 555 8X20","7000","48","49","6951","2020"
"281334","NESYA ROTI GORENG 2000","7000","26","49","6951","2020"
"141492","M 5000","7000","48","48","6952","2020"
"216421","SILICONE PIGEON ALL VARIAN","7000","42","48","6952","2020"
"237780","PLASTIK PARSEL 1 PCS","7000","19","48","6952","2020"
"244643","MESES KILOAN 1/4KG","7000","48","48","6952","2020"
"103411","PLASTIK PARASUT HITAM KECIL","7000","25","47","6953","2020"
"206777","MAKARONI KUDA MAS 1 RENCENG","7000","47","47","6953","2020"
"207578","PLASTIK MR BEAN BIRU 24","7000","42","47","6953","2020"
"217846","TAHU KRIKIL KILOAN","7000","37","47","6953","2020"
"229378","SEDAP GORENG 1 DUS","7000","41","47","6953","2020"
"231639","VIT 220ML  BOTOL 1 DUS","7000","33","47","6953","2020"
"259878","REHANKA USUS KRISPI","7000","36","47","6953","2020"
"173233","SUPER POTATO 1 RENCENG","7000","39","46","6954","2020"
"209800","LILAS MERAH 40ML","7000","37","46","6954","2020"
"284909","KERUPUK BAWANG ","7000","34","46","6954","2020"
"187545","M 8000","7000","41","45","6955","2020"
"209882","MIE KERING  SPIDER 330G","7000","29","45","6955","2020"
"142644","ESTE EMJE 30G","7000","25","44","6956","2020"
"192644","KERIPIK PISANG GURIH KILOAN","7000","39","44","6956","2020"
"283732","MIKA BOLU SP.02 KECIL","7000","18","44","6956","2020"
"100213","HANSAPLAST KAIN 1 PCS","7000","8","43","6957","2020"
"142059","TELOR GABUS MANIS KILOAN ","7000","35","43","6957","2020"
"293512","SUPERMI AYAM BAWANG 1DUS","7000","33","43","6957","2020"
"127480","TOLAK ANGIN FLU 1 PCS","7000","12","42","6958","2020"
"148342","KOREK CRICKET","7000","40","42","6958","2020"
"201893","AMPLOP GARUDA 1 PACK","7000","32","42","6958","2020"
"203373","PLASTIK SCORPIO 20X30","7000","42","42","6958","2020"
"245982","TEH DANDANG 1 SLOP+GELAS","7000","27","42","6958","2020"
"107431","M 16000","7000","41","41","6959","2020"
"134547","GUNTING DAIWA SD-D140","7000","37","41","6959","2020"
"189787","AGAR KIT PUTIH 1 PCS","7000","16","41","6959","2020"
"268670","KOREK GAS BARA G2000","7000","37","41","6959","2020"
"135482","GARAM BINTANG","7000","34","40","6960","2020"
"181669","COCO JELLY 10S","7000","31","40","6960","2020"
"211506","BUKU TULIS CAMPUS EXCLUSIVE","7000","2","40","6960","2020"
"173706","M 2000","7000","38","39","6961","2020"
"197583","BONCABE LEVEL 15 RENCENG","7000","38","39","6961","2020"
"246908","ACI AREN 1 KG","7000","38","39","6961","2020"
"260966","PLASTIK MR BEAN HIJAU UK 15","7000","28","39","6961","2020"
"124805","LEM KOREA TONG-SHEN","7000","31","38","6962","2020"
"266011","TEH GELAS 24 1 DUS","7000","35","38","6962","2020"
"114612","KOREK GAS NAGOYA ","7000","25","37","6963","2020"
"119361","SERUTAN TRIFELO TF-903","7000","34","37","6963","2020"
"159573","REXONA MEN ICE COOL 9G 1 PCS","7000","26","37","6963","2020"
"161541","COKLAT BUBUK COCOA 1 PCS","7000","31","37","6963","2020"
"162574","PLASTIK BOYO 8X12 1BKS","7000","33","37","6963","2020"
"103705","PLASTIK ES TOMAT UK.5X20","7000","36","36","6964","2020"
"138885","PILUS KAPSUL PEDAS KILOAN","7000","35","36","6964","2020"
"139391","CHEERY JELLY STICK 1 PCS","7000","18","36","6964","2020"
"161545","MAT MAT COKLAT PELANGI","7000","36","36","6964","2020"
"182647","BAWANG GORENG MUTIARA ZOE KECIL","7000","28","36","6964","2020"
"229508","M 12000","7000","36","36","6964","2020"
"241390","DAVOS 1 PACK","7000","27","36","6964","2020"
"251435","KASA INDUK PANJANG 1 PCS","7000","7","36","6964","2020"
"266826","CULTUSIA CAT RMBT ALL VARIAN","7000","33","36","6964","2020"
"134670","MAKARONI TOMATO RENCENG","7000","34","35","6965","2020"
"149640","KERTAS MINYAK HEBAT BESAR 1PACK","7000","34","35","6965","2020"
"155174","DADALI PILUS ATOM","7000","31","35","6965","2020"
"125528","PILUS WIJEN KILOAN","7000","32","33","6967","2020"
"149206","KERTAS MINYAK MATAHARI 250S","7000","32","33","6967","2020"
"166758","PLASTIK MR BEAN PUTIH 15(TEBAL) 1PCS","7000","30","33","6967","2020"
"229604","NITCHI SPRINKLE 1 RENCENG","7000","29","33","6967","2020"
"259403","M 18000","7000","31","33","6967","2020"
"263909","SEDOTAN WARNA","7000","29","33","6967","2020"
"279598","GUNTING KUKU BAICHANG BESAR","7000","32","33","6967","2020"
"155637","LUMPIA KILOAN","7000","22","32","6968","2020"
"175428","PLASTIK PUSAKA UK.15X30","7000","29","32","6968","2020"
"188466","PENSIL LOVE DADU 1 PCS","7000","31","32","6968","2020"
"221268","INDOMIE GORENG 85G 1PCS","7000","9","32","6968","2020"
"247213","PLASTIK PARASUT PUTIH BESAR 1 IKAT","7000","21","32","6968","2020"
"146794","REXONA DEO LOTION ADVANCED WHITENING 9 G 1 PCS","7000","26","31","6969","2020"
"195145","PLASTIK ES BOYO 12X20","7000","30","31","6969","2020"
"240994","HAPPY ES CINCAU 24 1 DUS","7000","24","31","6969","2020"
"109009","PLASTIK ATM/IDOLA UK 24","7000","24","30","6970","2020"
"109641","KACANG BOGARES KILOAN KECIL","7000","19","30","6970","2020"
"110077","YOU YOU STICK HIJAU 1 PACK","7000","28","30","6970","2020"
"154787","MERICA KILOAN 1 ONS","7000","28","30","6970","2020"
"162050","ROTI NESYA 14000","7000","15","30","6970","2020"
"206420","PLASTIK ES 555 UK.10X17 1 PCS","7000","28","30","6970","2020"
"266877","M 10000","7000","30","30","6970","2020"
"141884","ISI ULANG GALON AIRO","7000","27","29","6971","2020"
"198639","TERIGU CAKRA KILOAN 1 KG","7000","28","29","6971","2020"
"201061","M 13000","7000","27","29","6971","2020"
"204230","SEDAP KARI SPECIAL 1 DUS","7000","21","29","6971","2020"
"249759","LASKAR BALADO RENCENG","7000","22","29","6971","2020"
"260133","PLASTIK PUSAKA UK.15X20","7000","25","29","6971","2020"
"265990","KACANG OVEN KILOAN","7000","23","29","6971","2020"
"270474","MIRANDA CAT RMBT ALL VARIAN ","7000","24","29","6971","2020"
"289584","SOGO SOSIS GORENG RENCENG","7000","24","29","6971","2020"
"295862","PLASTIK PUSAKA UK.10X17","7000","28","29","6971","2020"
"159681","DAMAI ROTI GULUNG MINI","7000","15","28","6972","2020"
"175287","PENSIL FABER CASTEL 1 PCS","7000","21","28","6972","2020"
"196759","YOU YOU STICK MERAH 1 PACK","7000","27","28","6972","2020"
"197225","PERMEN MAINAN KUDA PONY SIUL 1 PCS","7000","26","28","6972","2020"
"201441","M 15000","7000","26","28","6972","2020"
"214275","ALTECO  1 PCS","7000","27","28","6972","2020"
"226077","PERMEN MAINAN DADU","7000","27","28","6972","2020"
"256935","KERTAS WAJIK MERAH 1 PCS","7000","22","28","6972","2020"
"103709","PLASTIK PARASUT BENING KECIL 1PCS","7000","8","27","6973","2020"
"131773","GELAS AGAR AGAR+TUTUP","7000","19","27","6973","2020"
"245346","MILKU COKLAT 200ML PACK","7000","18","27","6973","2020"
"282263","KERUPUK KANCING 1/4","7000","23","27","6973","2020"
"134560","GARUDA POTATO 15G 1 PCS","7000","21","26","6974","2020"
"146012","MORISON ROTI MANIS SOBEK KEJU 5000","7000","23","26","6974","2020"
"147404","SOUN MERAH PUTIH BESAR","7000","22","26","6974","2020"
"239567","ASHA SNACK ALL VARIAN","7000","21","26","6974","2020"
"243957","BAWANG PUTIH 1 KG","7000","21","26","6974","2020"
"274770","TWIISTKO 12G 1 PCS","7000","13","26","6974","2020"
"276863","LEM TEMBAK LILIN PANJANG 1 PCS","7000","9","26","6974","2020"
"283772","SAF INSTANS (RAGI KERING)","7000","25","26","6974","2020"
"120201","SANDAL NEW ERA  ","7000","24","25","6975","2020"
"161911","KASA BUNDA STERIL 1 BOX","7000","22","25","6975","2020"
"168321","M 6000","7000","24","25","6975","2020"
"174827","JOLLY BATHROOM TISSUE ROLL 200S","7000","6","25","6975","2020"
"216611","PLASTIK PUSAKA 12X20","7000","22","25","6975","2020"
"226397","TEH RIO GULA BATU 1 DUS","7000","19","25","6975","2020"
"243791","PEL NAGOYA ","7000","24","25","6975","2020"
"280182","ROTI MORISON 14000","7000","23","25","6975","2020"
"296907","BERAS ZAKAT 2,8 KG","7000","7","25","6975","2020"
"299306","TERIGU DAHLIA 1 KARUNG","7000","23","25","6975","2020"
"121768","KACANG POLONG KILOAN","7000","21","24","6976","2020"
"166929","KERTAS WAJIK PUTIH 1 PCS","7000","19","24","6976","2020"
"168726","PLASTIK MR BEAN BIRU 28","7000","15","24","6976","2020"
"192525","PENGHAPUS KARAKTER  IKAN","7000","23","24","6976","2020"
"199345","ROTI MORISON 5000","7000","22","24","6976","2020"
"203467","HARMONY PAKET+ TOPLES","7000","20","24","6976","2020"
"231772","KRUPUK TERSANJUNG 1/4","7000","23","24","6976","2020"
"242681","LIPSTIK MAYBELLIN MATTE","7000","22","24","6976","2020"
"262094","NICE BT 1ROLL 238SHEETS","7000","20","24","6976","2020"
"284110","SENDOK BEBEK WARNA 1 PACK","7000","22","24","6976","2020"
"298086","NOURISHING POMADE 20G","7000","19","24","6976","2020"
"299861","JOLLY FACIAL POP UP 90G","7000","15","24","6976","2020"
"110430","PENGGARIS BUTTERFLY","7000","18","23","6977","2020"
"118201","ALE ALE ORANGE 1 DUS","7000","21","23","6977","2020"
"119658","REXONA DEO LOTION ICE COOL 9G 1PCS","7000","19","23","6977","2020"
"121156","INDOFOOD RACIK SAYUR SOP 20G 1 PCS","7000","9","23","6977","2020"
"134605","GUNTING MILTON SMW 560","7000","23","23","6977","2020"
"135843","LIPSTIK SKIVA 21","7000","23","23","6977","2020"
"148059","OKKY JELLY DRINK 1 DUS","7000","22","23","6977","2020"
"191014","ISOLASI IFO BENING SEDANG","7000","21","23","6977","2020"
"194483","TIPEX KENKO HAPPY HOME","7000","22","23","6977","2020"
"207520","GARAM BALOK BESAR","7000","19","23","6977","2020"
"251389","PASTA KEJU 1 PCS","7000","14","23","6977","2020"
"260820","SERUTAN BEBEK 1 PCS","7000","23","23","6977","2020"
"265750","KERUPUK JATILAWANG KILOAN","7000","22","23","6977","2020"
"299027","M 4000","7000","21","23","6977","2020"
"103980","COKLAT SENDOK","7000","13","22","6978","2020"
"143035","LEM INIKOL MINI","7000","18","22","6978","2020"
"150809","PLASTIK MR BEAN PUTIH 24(TEBAL) 1PCS","7000","16","22","6978","2020"
"162679","KISS ME COKLATE 1 PCS","7000","9","22","6978","2020"
"183139","BISKUAT ORIGINAL 25.2G 1 RENCENG","7000","19","22","6978","2020"
"245398","PLASTIK PUSAKA 15X25","7000","17","22","6978","2020"
"256857","MRICA 1/2 ONS","7000","22","22","6978","2020"
"267291","TUSUK GIGI HOMA","7000","12","22","6978","2020"
"294286","KERIPIK SINGKONG SAPI PANGGANG","7000","14","22","6978","2020"
"125827","KAOS KAKI SD ALL VARIANT","7000","17","21","6979","2020"
"137472","PLASTIK OPP 8X12 1 PCS","7000","19","21","6979","2020"
"151385","PULPEN KIPAS BLACK PINK","7000","20","21","6979","2020"
"198569","CHACHA CHOCULATE 10G 1 PCS","7000","13","21","6979","2020"
"221581","KAPAL API MIX 1 DUS","7000","21","21","6979","2020"
"261369","SEDAP BASO 1 DUS","7000","17","21","6979","2020"
"262073","KACANG TELOR KILOAN","7000","18","21","6979","2020"
"290306","PLASTIK KLIP UK 6X10-100LEMBAR","7000","16","21","6979","2020"
"105434","KERUPUK ORANGE 1 BAL","7000","18","20","6980","2020"
"106347","KACANG KILOAN BESAR","7000","19","20","6980","2020"
"108803","DESAKU KUNYIT 1 PCS","7000","4","20","6980","2020"
"110559","FETTA GELAS 1 DUS","7000","16","20","6980","2020"
"138875","LIPSTIK LINDOR","7000","20","20","6980","2020"
"170053","FAIR & LOVELY FACIAL FOAM 9G 1RENCENG","7000","15","20","6980","2020"
"180802","PILUS BAWANG KILOAN BESAR","7000","18","20","6980","2020"
"206197","PLASTIK DAHSYAT TEBAL BESAR/KECIL","7000","17","20","6980","2020"
"210126","SILET TATRA 10 BLADES","7000","19","20","6980","2020"
"213402","SEDAP KECAP 63ML 1 DUS","7000","18","20","6980","2020"
"231223","KOMPLIT PEGAL LINU 1 PCS","7000","12","20","6980","2020"
"239899","TEH SISRI CUP 1 DUS","7000","19","20","6980","2020"
"249270","KERTAS WAJIK KUNING 1 PCS","7000","12","20","6980","2020"
"261437","KAPUR AJAIB 1 BOX","7000","19","20","6980","2020"
"263726","PLASTIK KARITA 1 BKS","7000","12","20","6980","2020"
"265594","BUKU SIDU 38 1 PCS","7000","6","20","6980","2020"
"270866","SEDOTAN BIASA","7000","20","20","6980","2020"
"271887","MIKA BOLU SP M 01 BESAR","7000","3","20","6980","2020"
"276718","KRESEK ATM 28 1 BKS","7000","14","20","6980","2020"
"282952","SANDAL DURI BALANCE UUK 36-40","7000","20","20","6980","2020"
"283203","MASKER SKRINER HIJAB 3 PLY","7000","15","20","6980","2020"
"284030","PANG PANG KILOAN  KECIL","7000","18","20","6980","2020"
"287123","PENSIL BENSIA 908","7000","18","20","6980","2020"
"287434","BOLU PANGGANG SEMPURNA ","7000","18","20","6980","2020"
"117439","ROTI NESYA 9000","7000","19","19","6981","2020"
"165738","GARUDA OCORN 21G 1PCS","7000","17","19","6981","2020"
"170703","ROTI MORISON 7000","7000","16","19","6981","2020"
"199043","PENSIL BENSIA 909","7000","17","19","6981","2020"
"202063","SEDOTAN MERAH HIJAU","7000","18","19","6981","2020"
"225500","FAIR LOVELY POWDER CREAM 2IN1 1 PCS","7000","17","19","6981","2020"
"228423","KERTAS MINYAK TODAY","7000","19","19","6981","2020"
"256173","BATERAI  ABC BESAR ISI 2","7000","17","19","6981","2020"
"284272","BALON","7000","14","19","6981","2020"
"105295","M 2500","7000","18","18","6982","2020"
"114961","STABILO JOYKO","7000","17","18","6982","2020"
"122084","NULL","7000","13","18","6982","2020"
"123277","AQUA GALON KOSONG","7000","12","18","6982","2020"
"171774","EKO MIE 2S 1 DUS","7000","18","18","6982","2020"
"177092","LOTTE CHOCOPIE 1 PCS","7000","11","18","6982","2020"
"218185","GULA PURNAMA 1/4 KG","7000","14","18","6982","2020"
"228335","PINO ICE CUP 1 PCS","7000","9","18","6982","2020"
"258088","COKLAT BUBUK 1/4KG","7000","18","18","6982","2020"
"288702","KACANG ATOM KILOAN","7000","15","18","6982","2020"
"288733","KAPAL API MIX 5S","7000","13","18","6982","2020"
"295860","LAMPU BESTLIFE 5W","7000","17","18","6982","2020"
"297280","PLASTIK ULTAH 1 PCS","7000","13","18","6982","2020"
"123522","KACANG BOGARES KILOAN BESAR","7000","15","17","6983","2020"
"124802","M 17000","7000","16","17","6983","2020"
"133857","LUWAK KOPI + GULA 1 DUS","7000","9","17","6983","2020"
"168785","TOLAK ANGIN KOMPLIT+ TELOR 1 PCS","7000","6","17","6983","2020"
"169832","SILET KECIL WARNA","7000","5","17","6983","2020"
"204314","INDOFOOD BUMBU GULAI  ORIENTAL CURRY 45G 1PCS","7000","15","17","6983","2020"
"209083","PADIMAS CAMPUR 1 PACK","7000","12","17","6983","2020"
"209387","MAKARONI LOHAN(TIDAK MENGEMBANG)","7000","16","17","6983","2020"
"228867","VIT 600 ML 1 DUS","7000","15","17","6983","2020"
"235272","ROTI NESYA 10000","7000","17","17","6983","2020"
"264321","BATERAI ABC AAA1.5V","7000","16","17","6983","2020"
"283509","LAMPU BESTLIFE 10W","7000","16","17","6983","2020"
"133142","SERUTAN DADU 1 PCS","7000","15","16","6984","2020"
"144326","SENDOK AGAR WARNA 50S","7000","10","16","6984","2020"
"154255","PLASTIK ES TOMAT UK.5X15","7000","16","16","6984","2020"
"156968","PLASTIK MERAH JOKI 1 PCS","7000","15","16","6984","2020"
"161375","INDOMILK STRAWBERY 115ML 1DUS","7000","16","16","6984","2020"
"182123","AQUA 600 ML 1 DUS","7000","15","16","6984","2020"
"232060","ROTI NESYA 16000","7000","14","16","6984","2020"
"241216","PLASTIK SCORPIO 9X15 1 BKS","7000","14","16","6984","2020"
"290378","PLASTIK BOYO 20X30","7000","16","16","6984","2020"
"291896","M 14000","7000","16","16","6984","2020"
"293839","SERUTAN KUDA PONI 1 PCS","7000","16","16","6984","2020"
"110107","PLASTIK SCORPIO 23X40 1 BKS","7000","14","15","6985","2020"
"111186","IYES PEDAS RENCENG","7000","14","15","6985","2020"
"134229","SUDI KERTAS 1 PACK","7000","5","15","6985","2020"
"157075","TROPICANA SLIM 5'S","7000","6","15","6985","2020"
"178165","PLASTIK ES 555 12X20","7000","14","15","6985","2020"
"181529","GULA PURNAMA 1 BAL","7000","11","15","6985","2020"
"186237","JELI TUNG TUNG PUDING 4S","7000","12","15","6985","2020"
"195082","LAYS RUMPUT LAUT 1PCS","7000","9","15","6985","2020"
"196958","KRUPUK ORANGE 1 BAL","7000","14","15","6985","2020"
"207190","NULL","7000","12","15","6985","2020"
"209868","SANMOL SIRUP 60ML","7000","15","15","6985","2020"
"223619","MOKO MOKO L 1 RENCENG","7000","13","15","6985","2020"
"249540","JAGUNG KILOAN","7000","15","15","6985","2020"
"289083","SEGAR DINGIN 1 RENCENG","7000","14","15","6985","2020"
"149167","BAWANG GORENG MUTIARA ZOE BESAR","7000","13","14","6986","2020"
"199837","NASWA ZEE CARICA 125G","7000","13","14","6986","2020"
"219118","MASKER NEO NON HIJAB ISI 3","7000","12","14","6986","2020"
"235148","SEDOTAN TEKUK SPARTA 1 PCS","7000","4","14","6986","2020"
"245728","KERUPUK KULIT SR 1 PACK","7000","11","14","6986","2020"
"268801","KACANG KORO KILOAN","7000","14","14","6986","2020"
"275263","ACI AREN 1/2 KG","7000","13","14","6986","2020"
"276165","REXONA DEO LOTION FREE SPIRIT 9G 1 RENCENG","7000","14","14","6986","2020"
"284418","PLASTIK LEREK 1 PCS","7000","11","14","6986","2020"
"296191","PLASTIK KLIP UK 8X12 100LEMBAR","7000","11","14","6986","2020"
"299710","MOKO MOKO M 1 RENCENG","7000","14","14","6986","2020"
"100585","MI WON 25G 1 PACK(1000)","7000","13","13","6987","2020"
"102210","KACANG BAWANG TERANG BULAN","7000","12","13","6987","2020"
"134062","SARI GANDUM 1 PCS","7000","9","13","6987","2020"
"149546","JARUM PENTUL 1 PCS","7000","11","13","6987","2020"
"180595","CHOCO PIE 1 PCS","7000","6","13","6987","2020"
"201944","PENGGARIS  ATM 7007","7000","13","13","6987","2020"
"206555","PULPEN BLACK PINK","7000","12","13","6987","2020"
"222905","PENGGARIS LIPAT","7000","12","13","6987","2020"
"227544","GELAS POP ICE UK 12-14 TANPA TUTUP","7000","11","13","6987","2020"
"248488","PLASTIK BOYO 15X25","7000","13","13","6987","2020"
"249457","KOYO HANSAPLAST HANGAT 1 PCS","7000","9","13","6987","2020"
"268346","TEH PUCUK 350ML 1 DUS","7000","12","13","6987","2020"
"279112","PILUS BAWANG 1.5KG 1 BAL","7000","12","13","6987","2020"
"102660","MASKER NEO HIJAB ISI 3","7000","10","12","6988","2020"
"103987","PULPEN QUANTUM 1 PCS","7000","9","12","6988","2020"
"104321","PULPEN GANTUNGAN UNICORN","7000","11","12","6988","2020"
"105837","BUMBUKU KETUMBAR BUBUK 6G 1RENCENG","7000","11","12","6988","2020"
"122136","PLASTIK ES TOMAT UK.5X17","7000","12","12","6988","2020"
"123800","KOREK DUREN 1 PCS","7000","4","12","6988","2020"
"141927","KUAS CAT AIR ","7000","12","12","6988","2020"
"147709","USUS KRISPY MUTIARA ZOE KECIL ORI","7000","9","12","6988","2020"
"169864","OLIMPIC JELLY 4S","7000","12","12","6988","2020"
"172659","ANTAKA PEDAS MANIS 1 PCS","7000","12","12","6988","2020"
"178004","PLASTIK TOYA HITAM TANGGUNG 1 PCS","7000","3","12","6988","2020"
"181717","MASKER MEDISHIELD ISI 3","7000","9","12","6988","2020"
"184000","ROTINA BAGELAN MENTEGA","7000","7","12","6988","2020"
"184185","SEDAP AYAM SPECIAL 1 DUS","7000","12","12","6988","2020"
"193785","PONDS WB SKIN PERFECTING CREAM 7.5G 1 PCS","7000","12","12","6988","2020"
"202353","TESSA FACIAL TISUE 50S","7000","12","12","6988","2020"
"216524","GUNTING MONTANA STL-580","7000","11","12","6988","2020"
"230940","KACANG KUPAS 1/2 KG","7000","9","12","6988","2020"
"240042","GUNTING LIPAT 1 PCS","7000","12","12","6988","2020"
"243553","FRESTEA MADU 350ML 1 PACK","7000","3","12","6988","2020"
"251586","TELOR 1 KRAT","7000","12","12","6988","2020"
"252842","CITRUN 1 PACK","7000","12","12","6988","2020"
"261991","KRIP KRIP KILOAN","7000","12","12","6988","2020"
"263912","SUN KARA 1 DUS","7000","7","12","6988","2020"
"266604","PULPEN MINIONS 2058","7000","11","12","6988","2020"
"284323","SABRINA MINYAK 1 LTR 1 DUS","7000","11","12","6988","2020"
"292607","MASAKO AYAM 1 PACK","7000","12","12","6988","2020"
"102351","KERTAS MINYAK SEMUT MERAH","7000","11","11","6989","2020"
"136088","BLUE BAND 20G","7000","7","11","6989","2020"
"145658","SAPU BIASA","7000","9","11","6989","2020"
"146474","BIHUN JAGUNG PADAMU ORANGE 1 BAL","7000","10","11","6989","2020"
"149263","PASEO SMART PRFM 12s 6PCS","7000","10","11","6989","2020"
"154794","NITCHI PASTA RENCENG","7000","11","11","6989","2020"
"164184","PULPEN KIPAS BTS","7000","10","11","6989","2020"
"167676","SAPU SUGENG","7000","10","11","6989","2020"
"176117","INKAYNI SANDAL UK 39-44","7000","11","11","6989","2020"
"177415","VIVA LIPSTIK ALL VARIAN","7000","11","11","6989","2020"
"183891","MENARA KRETEK 1 SLOP","7000","10","11","6989","2020"
"185034","GULA PASIR BIMA 1 RENCENG","7000","7","11","6989","2020"
"190203","AQUA 1500 ML 1 DUS","7000","10","11","6989","2020"
"201680","LILIN MALAM 6W SHINTOENG","7000","11","11","6989","2020"
"206692","SIKAT CUCI 3000","7000","11","11","6989","2020"
"206695","TEPUNG PANIR 1 KG","7000","11","11","6989","2020"
"211410","KACANG TELUR KILOAN","7000","10","11","6989","2020"
"214170","PULPEN KUDA PONI","7000","9","11","6989","2020"
"218225","SANDAL INKAYNI UK 30-35 CWO","7000","11","11","6989","2020"
"218406","TIRSA 1 DUS","7000","8","11","6989","2020"
"220184","ALE ALE ANGGUR 1 DUS","7000","10","11","6989","2020"
"232477","ALE ALE GUAVA 1 DUS","7000","6","11","6989","2020"
"234242","PEYEK KACANG KILOAN","7000","10","11","6989","2020"
"241921","SUNFREE SCKET+KBEL FSK JUPITER 55","7000","11","11","6989","2020"
"252028","ROSE BRAND MINYAK GELASAN 1 DUS","7000","11","11","6989","2020"
"277337","PASEO SMART NO-PRFM 12s 6PCS","7000","11","11","6989","2020"
"279495","ISI CUTTER JOYKO L-150","7000","11","11","6989","2020"
"288478","DAMAI TAWAR","7000","11","11","6989","2020"
"289535","SABUN WANGI SEREH","7000","9","11","6989","2020"
"108012","KERUPUK IKAN TONGKOL KILOAN","7000","8","10","6990","2020"
"109558","KIKO 1 PCS","7000","5","10","6990","2020"
"110493","JAVANA GULA BATU 1 PACK","7000","3","10","6990","2020"
"110586","PLASTIK ATM WHITE 1 PCS","7000","6","10","6990","2020"
"128952","ISI CUTTER KENKO","7000","9","10","6990","2020"
"131726","KACANGTELOR CAP AAN","7000","8","10","6990","2020"
"136298","M 3500","7000","7","10","6990","2020"
"136533","NESYA KOTAK SUPER 10000","7000","9","10","6990","2020"
"142950","LAKBAN COKLAT","7000","10","10","6990","2020"
"149184","TUTON KRETEK SLOP","7000","10","10","6990","2020"
"150340","MARISA RENGGINANG MANIS","7000","6","10","6990","2020"
"156386","DESAKU KETUMBAR BUBUK RENCENG","7000","10","10","6990","2020"
"184949","PENGGARIS BESI","7000","9","10","6990","2020"
"196699","DEAL GELAS 1 DUS","7000","9","10","6990","2020"
"199285","PASEO SMART NO-PRFM 12s 1PCS","7000","6","10","6990","2020"
"202333","SEDAP AYAM BAWANG TELUR 1 DUS","7000","8","10","6990","2020"
"203921","BOLU KETAPANG KILOAN","7000","9","10","6990","2020"
"213112","KERTAS MINYAK PEGASUS 1 PCS","7000","9","10","6990","2020"
"221173","PLASTIK MR.BEAN PUTIH 1PCS","7000","1","10","6990","2020"
"228406","SAGU MUTIARA 1 KG","7000","7","10","6990","2020"
"235120","BUMBUKU SANTAN BUBUK 1 RENCENG","7000","9","10","6990","2020"
"246060","WOODS PERMEN  ALL VARIAN 15G","7000","8","10","6990","2020"
"264527","STIKER LABEL","7000","8","10","6990","2020"
"264893","LAKA LAKA  AIR MINERAL 1 DUS","7000","7","10","6990","2020"
"278842","STIK BAWANG KILOAN","7000","9","10","6990","2020"
"285340","GELAS POP ICE UK 12-14 TUTUP DATAR","7000","10","10","6990","2020"
"293566","FLORIDINA ORANGE 350ML 1 PACK","7000","2","10","6990","2020"
"101260","PASEO SMART NO-PRFM 12s ISI 6PCS","7000","9","9","6991","2020"
"107026","KERUPUK SEBLAK KILOAN KECIL","7000","9","9","6991","2020"
"113055","KORAN 1 KG","7000","9","9","6991","2020"
"125829","JAVANA ORIGINAL 1 PACK","7000","2","9","6991","2020"
"145219","ROTI NESYA 12000","7000","8","9","6991","2020"
"145325","PLASTIK MR.BEAN BESAR HITAM 1 PCS","7000","5","9","6991","2020"
"149876","PLASTIK TOYA HITAM BESAR 1 IKAT","7000","7","9","6991","2020"
"153646","ROTI GRESARIS 9000","7000","9","9","6991","2020"
"162477","SAPU MONCER 1 PCS","7000","9","9","6991","2020"
"169185","TABUNG + ISI GAS","7000","8","9","6991","2020"
"187383","MESES KILOAN 1/2KG","7000","9","9","6991","2020"
"189904","KAOS KAKI SMP ALL VARIANT","7000","9","9","6991","2020"
"191421","PULPEN STANDART MERAH 1 PCS","7000","7","9","6991","2020"
"197864","ABC KECAP 60ML 1 DUS","7000","7","9","6991","2020"
"199618","MIE KUNING CAP GAJAH ","7000","9","9","6991","2020"
"202833","KERIPIK TEMPE KILOAN","7000","7","9","6991","2020"
"226212","CHACHA PEANUT 10G 1 PCS","7000","6","9","6991","2020"
"237073","DANCOW PUTIH 27G 1PCS","7000","6","9","6991","2020"
"269069","KERTAS MINYAK TIGA RING 1 PAK","7000","9","9","6991","2020"
"272659","ROYCO SAPI 9G 6 SASET","7000","8","9","6991","2020"
"107061","TEMPAT CAT AIR","7000","8","8","6992","2020"
"117118","PEYEK KEDELAI KILOAN","7000","8","8","6992","2020"
"119474","PLASTIK KLIP UK 8.7X13 100LEMBAR","7000","5","8","6992","2020"
"141341","MIE BULAN 30 KEPING","7000","6","8","6992","2020"
"143578","KERTAS MINYAK HEBAT KECIL 1PACK","7000","7","8","6992","2020"
"147786","SANDAL LSH DURI slop UK 35-40","7000","8","8","6992","2020"
"152071","ABC SUSU 1 DUS","7000","8","8","6992","2020"
"155081","ALE ALE MARKISA 1 DUS","7000","7","8","6992","2020"
"176279","BASO ACI CIRAMBAY KARI AYAM","7000","7","8","6992","2020"
"176885","PIATOS SAPI PANGGANG 11G 1 RENCENG","7000","6","8","6992","2020"
"178257","SANDAL INKAYNI SLOP UK 39-44","7000","8","8","6992","2020"
"184344","VIT 330ML BOTOL 1DUS","7000","7","8","6992","2020"
"193010","BASO ACI CIRAMBAY ORIGINAL","7000","7","8","6992","2020"
"197890","KOREK GAS OSAKA ","7000","6","8","6992","2020"
"209418","M 3000","7000","8","8","6992","2020"
"210027","SEDOTAN WARNA CAP 888","7000","8","8","6992","2020"
"212861","PLASTIK TOYA HITAM KECIL 1 IKAT","7000","8","8","6992","2020"
"217899","MI WON 135 G (5000) 1 PACK","7000","8","8","6992","2020"
"219129","PLASTIK BOYO UK 26X50","7000","8","8","6992","2020"
"229729","ALE ALE SIRSAK 1 DUS","7000","4","8","6992","2020"
"234034","M 1500","7000","7","8","6992","2020"
"237489","PLASTIK PARASUT MAS HTM KECIL 1 BKS","7000","5","8","6992","2020"
"249961","L AMOR PARFUMER ALL VARIANS","7000","8","8","6992","2020"
"264424","PENSIL BATIK","7000","8","8","6992","2020"
"271226","MASAKO SAPI 6PCS","7000","7","8","6992","2020"
"276139","RENGGINANG KILOAN","7000","7","8","6992","2020"
"283191","PONSTAN 1 TABLET","7000","4","8","6992","2020"
"295646","MRICA 1 ONS","7000","8","8","6992","2020"
"115788","GARAM DAUN 1 BAL","7000","7","7","6993","2020"
"115933","SENDOK MAKAN PUTIH 25S","7000","2","7","6993","2020"
"123173","SWEETY BRONZE L 1PCS","7000","5","7","6993","2020"
"127772","SANDAL SLOP BALANCE 24-29","7000","7","7","6993","2020"
"129425","BENANG JAGUNG 1 PCS","7000","6","7","6993","2020"
"138891","WARDAH SERUM AMPOULE 1 PCS","7000","6","7","6993","2020"
"144578","GULA PURNAMA 1 KG","7000","5","7","6993","2020"
"156175","SANDAL PILOW BONEKA 24--229","7000","7","7","6993","2020"
"156221","ROTI MORISON 6000","7000","6","7","6993","2020"
"167015","AQUA 330ML 1 DUS","7000","4","7","6993","2020"
"168151","CHEERY BIG STICK TOPLES KOTAK 40S","7000","7","7","6993","2020"
"170627","LASERIN ANAK BTL 30ML","7000","7","7","6993","2020"
"174981","KASA INDUK PENDEK 1 PCS","7000","3","7","6993","2020"
"175157","MI WON 50GR 1 PACK","7000","7","7","6993","2020"
"179268","SUDI PLASTIK 1 PACK","7000","6","7","6993","2020"
"190993","DULUX JELY B SANDAL UK 37-40","7000","7","7","6993","2020"
"199444","FRESTEA ORI 350ML 1 PACK","7000","1","7","6993","2020"
"203373","PLASTIK BOYO UK 15X20","7000","7","7","6993","2020"
"206893","GELAS KOPI POLKADOT","7000","6","7","6993","2020"
"207738","PEPSODENT 75G 1 PACK","7000","7","7","6993","2020"
"216137","MASAKO AYAM 6 PCS","7000","6","7","6993","2020"
"224445","M 20000","7000","7","7","6993","2020"
"227572","LE MINERAL 600ML 1 DUS","7000","6","7","6993","2020"
"228501","TADDY ES TELER 1 DUS","7000","7","7","6993","2020"
"232096","FAIR&LOVELY MULTIVITAMIN CRM 1 RENCENG","7000","6","7","6993","2020"
"241036","CHEETOS 15G 1PCS","7000","3","7","6993","2020"
"242245","gilus mix vanila 5's","7000","7","7","6993","2020"
"248889","ROTINA SISIR MENTEGA ","7000","5","7","6993","2020"
"254616","PLASTIK BOYO UK 26X40","7000","7","7","6993","2020"
"255127","SANDAL BOLONI SLOP UK 36-40","7000","6","7","6993","2020"
"255924","KUPING GAJAH KILOAN BESAR","7000","7","7","6993","2020"
"261597","MI WON 50 G 1 PACK","7000","7","7","6993","2020"
"267318","DAMAI MIKA GULUNG","7000","7","7","6993","2020"
"269183","SIKAT SEPATU","7000","7","7","6993","2020"
"269475","M 1000","7000","5","7","6993","2020"
"284945","LAKBAN COKLAT IFO BESAR","7000","7","7","6993","2020"
"291439","MI WON 10G 1PACK (500)","7000","7","7","6993","2020"
"299566","LIPSTIK HIJAU HARE L","7000","6","7","6993","2020"
"100779","LAKBAN BENING IFO BESAR","7000","6","6","6994","2020"
"103715","PONDS WB FF 9G 1PCS","7000","6","6","6994","2020"
"107138","STANDARD TECNO 1 PCS","7000","6","6","6994","2020"
"108418","MIE KREMES JOGYAKARTA 1 RENCENG","7000","6","6","6994","2020"
"108420","MANSET TANGAN","7000","6","6","6994","2020"
"113436","TEPUNG SEGITIGA 1`KARUNG","7000","6","6","6994","2020"
"115051","FACE SHIELD KACAMATA XHD-P30","7000","6","6","6994","2020"
"121796","SAYANGKU L 1S","7000","1","6","6994","2020"
"127604","JUJUR 900ML 1 DUS","7000","6","6","6994","2020"
"139123","PLASTIK MR BEAN GOLD","7000","5","6","6994","2020"
"145519","GULA PURNAMA 1/2 KG","7000","6","6","6994","2020"
"150047","SABUN TEMULAWAK WIDYA","7000","6","6","6994","2020"
"150138","FEIMA G SANDAL UK 30-35","7000","6","6","6994","2020"
"154375","INDOFOOD RACIK TEMPE GORENG 1 RENCENG","7000","6","6","6994","2020"
"156126","NULL","7000","5","6","6994","2020"
"159704","BURYAM 22G 1 RENCENG","7000","6","6","6994","2020"
"162551","JETZ 12G 1PCS","7000","3","6","6994","2020"
"187943","GELAS AQUA 1 BUNGKUS","7000","6","6","6994","2020"
"196671","ACI 1 KARUNG","7000","6","6","6994","2020"
"202495","TESSA FH  10 SHEET","7000","6","6","6994","2020"
"213541","KAOS KAKI JEMPOL COKLAT","7000","6","6","6994","2020"
"220885","LEM UHU 7G 1 PCS","7000","4","6","6994","2020"
"229402","MORISON ROTI KERING 9000","7000","6","6","6994","2020"
"238746","AGRO MINI 1 DUS","7000","3","6","6994","2020"
"242840","PLASTIK TOYA KECIL 1 PCS","7000","4","6","6994","2020"
"243186","SANDAL KUPU KUPU UK 24-29 CWE","7000","5","6","6994","2020"
"249296","SERUTAN PIKACHU 1 PCS","7000","5","6","6994","2020"
"257595","TEMULAWAK SOAP","7000","6","6","6994","2020"
"259628","JUJUR CUP 200ML 1 DUS","7000","5","6","6994","2020"
"260294","PLASTIK ATM UK 28","7000","6","6","6994","2020"
"269035","SANDAL GOSOME UK 39-44","7000","6","6","6994","2020"
"271967","SANDAL FEIMA UK 24-29 CWE","7000","6","6","6994","2020"
"272617","REXONA MEN MOTIONSENSE  ICO COOL 1 RENCENG","7000","6","6","6994","2020"
"288604","MAYBELLINE  LIPMATTE  ALL","7000","5","6","6994","2020"
"100759","SANDAL BUNGA BALANCE 30-35","7000","5","5","6995","2020"
"104524","TEMPAT PENSIL KAIN RKT 25","7000","5","5","6995","2020"
"105691","TEMPAT PENSIL KAIN RKT 22","7000","5","5","6995","2020"
"122455","CLEVO STRAWBERY 1 DUS","7000","5","5","6995","2020"
"134547","SANDAL POITA  UK.36-40","7000","5","5","6995","2020"
"135181","SANDAL PRADA ","7000","5","5","6995","2020"
"135861","LAKBAN NDM BESAR BENING","7000","5","5","6995","2020"
"137390","DULUX AVG K SANDAL UK 19-24","7000","5","5","6995","2020"
"148306","KOREK KAYU 1 BOS","7000","5","5","6995","2020"
"153040","SANDAL LSH MOTIF BUNGA UK 37-40","7000","5","5","6995","2020"
"155206","EKONOMI PINK 500K 1 DUS","7000","5","5","6995","2020"
"158748","MOKO MOKO XL 1 RENCENG","7000","5","5","6995","2020"
"163392","SEDOTAN POP ICE","7000","5","5","6995","2020"
"167686","MASAKO AYAM 3 PCS","7000","5","5","6995","2020"
"173625","SERUTAN BERUANG KECIL 1 PACK","7000","5","5","6995","2020"
"175571","SUNSILK CON SOFT&SMTH SD 1 RENCENG","7000","4","5","6995","2020"
"179490","SANDAL BALANCE PITA 37-40","7000","5","5","6995","2020"
"179624","PLASTIK PARASUT BENING BESAR 1PCS","7000","4","5","6995","2020"
"179893","TERASI BUNGKUS","7000","5","5","6995","2020"
"182019","SANDAL MOKAYA UK 36-40","7000","5","5","6995","2020"
"182103","SEDOTAN TEBAL","7000","5","5","6995","2020"
"186619","KACANG TANAH 1 KG","7000","5","5","6995","2020"
"189042","SOUN 1 BAL","7000","5","5","6995","2020"
"190918","BOOM 1 DUS","7000","4","5","6995","2020"
"204671","DAMAI  BROWNIES MIKA BESAR","7000","5","5","6995","2020"
"205131","SANDAL BAIM YUTU UK 18-23 CWO","7000","5","5","6995","2020"
"208467","SPRITE  250ML 1 PACK","7000","3","5","6995","2020"
"210261","MIE JANGKAR 1 PCS","7000","1","5","6995","2020"
"210265","INDOFOOD RACIK AYAM GORENG 1 PCS","7000","3","5","6995","2020"
"214808","PLASTIK  PARASUT MAS PUTIH BESAR 1 BKS","7000","3","5","6995","2020"
"215817","KERUPUK ANAK BETAWI RENCENG","7000","5","5","6995","2020"
"216332","INDOMIE AYAM SPESIAL 68G 1PCS","7000","3","5","6995","2020"
"219890","CINCAU MADU RAJA 1 PACK","7000","3","5","6995","2020"
"220155","SWEETY BRONZE S 1 RENCENG","7000","4","5","6995","2020"
"223955","CORNETTO MINI UNICORN 28ML","7000","4","5","6995","2020"
"228058","SANDAL ICE CREAM LAMPU","7000","5","5","6995","2020"
"229010","ROYCO RASA AYAM 8G 3SASET","7000","2","5","6995","2020"
"230109","PLASTIK ATM UK.32","7000","3","5","6995","2020"
"232244","KERTAS MINYAK ANGGUN ","7000","5","5","6995","2020"
"238006","PLASTIK KLIP UK 10X7 100LEMBAR","7000","3","5","6995","2020"
"241161","MILO ACTIV GO 5S","7000","3","5","6995","2020"
"244186","INDOPROSPER GANTUNGAN BAJU","7000","5","5","6995","2020"
"249160","SANDAL SHEVANO JEPIT UK 33-38","7000","4","5","6995","2020"
"252334","MI WON 10G(500) 1 PACK","7000","5","5","6995","2020"
"267900","KERIPIK PISANG 1 BAL","7000","4","5","6995","2020"
"269808","INDOMIE GORENG 1 DUS","7000","5","5","6995","2020"
"276166","M 7000","7000","4","5","6995","2020"
"281948","TEMULAWAK GLOWING CREAM","7000","5","5","6995","2020"
"283161","DULUX ELMO K SANDAL UK 18-23","7000","5","5","6995","2020"
"283787","MM REFRESH 1 DUS","7000","2","5","6995","2020"
"287723","KRAT TELOR","7000","5","5","6995","2020"
"288394","LASERIN BTL 30ML","7000","3","5","6995","2020"
"288846","EKO MIE 10S 1 DUS","7000","4","5","6995","2020"
"289583","SANDAL POITA BONEKA UK.30-35","7000","5","5","6995","2020"
"292277","STICKY NOTES VIS-1","7000","5","5","6995","2020"
"292580","SUPER BUBUR AYAM 1 RENCENG","7000","4","5","6995","2020"
"294081","GELAS POP ICE UK 12-15 TUTUP CEMBUNG","7000","5","5","6995","2020"
"100680","SWEETY BRONZE M 1PCS","7000","2","4","6996","2020"
"101437","PLASTIK GARUDA HITAM TEBAL KECIL 1 PCS","7000","2","4","6996","2020"
"111298","DAMAI  BROWNIES MIKA MINI","7000","4","4","6996","2020"
"112755","INDOMIE GORENG HYPE ABIS AYAM GEPREK 85G 1DUS","7000","4","4","6996","2020"
"112996","TEMPAT PENSIL RKT 16","7000","4","4","6996","2020"
"113003","ES KOPYOR 1 DUS","7000","4","4","6996","2020"
"122684","SUSU JAHE 6S","7000","2","4","6996","2020"
"126665","PLASTIK PARASUT MAS PUTIH KECIL 1 IKAT","7000","4","4","6996","2020"
"129809","LAYAR 1 SLOP","7000","4","4","6996","2020"
"130867","SANDAL BOLONI GISEL ","7000","4","4","6996","2020"
"135971","SANDAL KOWLODW 38-42","7000","4","4","6996","2020"
"139737","SENDOK BENING 1 PACK","7000","4","4","6996","2020"
"144553","FAIR&LOVELY 2IN1 PWDR CREAM 7G 1PCS","7000","4","4","6996","2020"
"144685","LUWAK WHITE COFFE 1 DUS","7000","4","4","6996","2020"
"147818","SEDAP KOREAN SPICY SOUP 1 DUS","7000","3","4","6996","2020"
"148533","INDOFOOD NASI GORENG BIASA 1 RENCENG","7000","3","4","6996","2020"
"153320","KACANG UMPET KILOAN","7000","3","4","6996","2020"
"154661","YULIM SNACK ALL VARIANT","7000","3","4","6996","2020"
"158628","SANDAL BEKRO BLING JELY UK 24-29","7000","4","4","6996","2020"
"160529","GALON+ISI AIRO","7000","4","4","6996","2020"
"162891","REGAZZA SPRAY 100ML ALL VARIAN","7000","4","4","6996","2020"
"165888","PLASTIK PUSAKA UK.20X35","7000","4","4","6996","2020"
"166306","SANDAL VEROTINO UK 36-40","7000","4","4","6996","2020"
"173028","SENG 1 SLOP","7000","4","4","6996","2020"
"174690","KERUPUK JALETOT","7000","4","4","6996","2020"
"176370","MASAKO SAPI 3 PCS","7000","3","4","6996","2020"
"177658","SANDAL INKAYNI BUNGA DWS CWE ","7000","4","4","6996","2020"
"190343","CIPUT KILOAN","7000","4","4","6996","2020"
"192623","R&W PEMUTIH","7000","4","4","6996","2020"
"193614","PILUS BAWANG 2KG 1 BAL","7000","4","4","6996","2020"
"196681","FETTA 450ML 1 DUS","7000","1","4","6996","2020"
"199090","KERIPIK SINGKONG BESAR 1 BAL","7000","4","4","6996","2020"
"199992","SEDAP GORENG AYAM KRISPY 1 DUS","7000","3","4","6996","2020"
"204978","SUNSILK SHP BLACK&SHINE 9ML 1RENCENG","7000","4","4","6996","2020"
"206331","NOTES TRIFELO","7000","4","4","6996","2020"
"209689","SANDAL LSH 36-40","7000","4","4","6996","2020"
"215628","BOTOL PIGEON 50ML","7000","4","4","6996","2020"
"215866","PLASTIK BOYO UK 12X20 1 IKAT","7000","2","4","6996","2020"
"218800","SANDAL DULUX LOL UK 24-29","7000","4","4","6996","2020"
"220316","SEPATU DULUX CICIT UK 18-25","7000","4","4","6996","2020"
"222965","DAMAI KELAPA","7000","3","4","6996","2020"
"223675","PILUS BAWANG 3 KG 1 BAL","7000","4","4","6996","2020"
"237717","GARAM BALOK RIDHO SM","7000","4","4","6996","2020"
"247469","KACANG KORO KILOAN BESAR","7000","4","4","6996","2020"
"249632","SANDAL JEPIT PITA ANAK UK 20-25","7000","4","4","6996","2020"
"249781","SAPU LIDI KASUR","7000","4","4","6996","2020"
"249993","TONG TJI SPR 1 SLOP","7000","3","4","6996","2020"
"253863","SUMO STICK 1 RENCENG","7000","2","4","6996","2020"
"254172","GULA MERAH COIN 1/2 KG","7000","3","4","6996","2020"
"261140","SANGOBION TABLET 1STRIP","7000","2","4","6996","2020"
"262179","SWEETY BRONZE PANT XL 1 PCS","7000","3","4","6996","2020"
"266108","SANDAL SLOP BALANCE 30-35","7000","4","4","6996","2020"
"267348","PLASTIK PARASUT HITAM KECIL 1 IKAT","7000","3","4","6996","2020"
"268552","BENDERA COKLAT SACSET 1 DUS","7000","4","4","6996","2020"
"272493","YOKOHAMA 15 SOCKET+KABEL","7000","4","4","6996","2020"
"272768","SCOTCH BRITE  SABUT SPONS ISI 2","7000","4","4","6996","2020"
"290635","INDOFOOD BUMBU RACIK IKAN GORENG 1 PCS","7000","4","4","6996","2020"
"297765","SUNSILK SHP SOFT&SMOOTH 9ML 1RENCENG","7000","4","4","6996","2020"
"103640","TEMPAT PENSIL SHINTOENG ST 03","7000","3","3","6997","2020"
"105522","STEROFOAM MANGKOK 1BAL","7000","3","3","6997","2020"
"118919","CLEAR ANTI KETOMBE APEL SUPER SEGAR 9ML 1RENCENG","7000","3","3","6997","2020"
"120175","drink beng beng 5's","7000","3","3","6997","2020"
"120664","JELLY CINCAU MADU24 BARU","7000","3","3","6997","2020"
"124324","GILUS MIX PANDAN 5'S","7000","3","3","6997","2020"
"136478","VIAND 1 DUS","7000","3","3","6997","2020"
"141261","BINTANG TUJUH PANAS DALAM 1 PACK 12S","7000","3","3","6997","2020"
"146829","REXONA DEO LOTION ADV WHITENING  9G 1 RENCENG","7000","3","3","6997","2020"
"147810","M 22000","7000","3","3","6997","2020"
"151429","FETTA 900ML 1 DUS","7000","3","3","6997","2020"
"153130","ROTI GRESARIS 16000","7000","2","3","6997","2020"
"155470","PLASTIK PUSAKA UK 10X17","7000","3","3","6997","2020"
"156364","AGAR KIT HIJAU 1 BOX","7000","3","3","6997","2020"
"159495","ROYCO RASA AYAM 8G 6SASET","7000","3","3","6997","2020"
"163232","PLASTIK MR BEAN HIJAU UK 15 1 IKAT","7000","2","3","6997","2020"
"164435","KACANG KUPAS 1 KG","7000","3","3","6997","2020"
"165476","CHOCOLATOS CHOC DRINK 5PCS","7000","3","3","6997","2020"
"167134","PERENYAH 1 BUNGKUS","7000","3","3","6997","2020"
"169049","CARICA KHAS DIENG ISI 5","7000","3","3","6997","2020"
"170148","M 24000","7000","3","3","6997","2020"
"173358","KOMIX HERBAL RASA LEMON 1 PCS","7000","1","3","6997","2020"
"185081","MAMAMIA L 1S","7000","2","3","6997","2020"
"185775","PLASTIK SEMUT 15X20 TEBAL","7000","3","3","6997","2020"
"185950","BUKU GAMBAR A3 WISUDA 1 PCS","7000","3","3","6997","2020"
"188504","PLASTIK MR BEAN GOLD 1 IKAT","7000","3","3","6997","2020"
"189430","energen korma 5's","7000","3","3","6997","2020"
"191742","INDOMIE AYAM BAWANG 69G 1DUS","7000","3","3","6997","2020"
"194716","OLALA ANGGUR CUP 150ML","7000","3","3","6997","2020"
"197149","BAGUS  KAPUR  AJAIB 1PCS","7000","3","3","6997","2020"
"199115","SANDAL GLANZTON UK36-39","7000","3","3","6997","2020"
"199658","MASAKO SAPI 1 PACK","7000","3","3","6997","2020"
"202092","GELAS POP ICE UK.12 TANPA TUTUP","7000","3","3","6997","2020"
"207908","FITRI 900 ML 1 DUS","7000","3","3","6997","2020"
"209493","ROTI NESYA 8000","7000","3","3","6997","2020"
"215734","MUTIARA BAWANG GORNG POUCH ","7000","3","3","6997","2020"
"226839","HANGER BAJU","7000","1","3","6997","2020"
"227168","INDOMIE SOTO 1 DUS","7000","3","3","6997","2020"
"233035","TOPI KATUN 0-12 M","7000","3","3","6997","2020"
"234824","MIE BECAK 1 IKAT","7000","3","3","6997","2020"
"241538","INDOFOOD BUMBU RACIK NASI GORENG PEDAS 20G 1RENCENG","7000","3","3","6997","2020"
"241553","KERTAS COKLAT 1 PACK","7000","3","3","6997","2020"
"253911","METRO SNOW 60G","7000","3","3","6997","2020"
"260928","SANDAL BALANCE BLING 36-40","7000","3","3","6997","2020"
"261435","SEROK SAMPAH KIRAMAS","7000","3","3","6997","2020"
"262740","ENERGEN COKLAT 5'S","7000","3","3","6997","2020"
"263495","SANDAL MOKAYA DURI UK 36-40","7000","2","3","6997","2020"
"264046","BAGUS KAPUR AJAIB JUMBO 1 BOX","7000","3","3","6997","2020"
"265428","BOTOL PIGEON 240ML","7000","3","3","6997","2020"
"266538","SUKSES KARI AYAM 1 DUS","7000","2","3","6997","2020"
"271141","JAMUR KRISPY MUTIARA ZOE KECIL","7000","3","3","6997","2020"
"273108","STEROFOAM NASI+LAUK 1BAL","7000","3","3","6997","2020"
"274980","BARU BARU SANDAL UK 24 - 29","7000","3","3","6997","2020"
"278483","MIKA DMS 7C","7000","2","3","6997","2020"
"283045","CLUB 150ML 1DUS","7000","1","3","6997","2020"
"284153","PLASTIK SCORPIO UK 12X25","7000","3","3","6997","2020"
"286810","MI WON 250 GR 1 PACK","7000","3","3","6997","2020"
"290105","RAKET NYMK ARL196 ARASHI","7000","3","3","6997","2020"
"293783","PLASTIK PARASUT MAS PUTIH KECIL 1 BKS","7000","2","3","6997","2020"
"296899","UNIKO 1 BAL","7000","2","3","6997","2020"
"299027","SANDAL BEKRO BLING JELY UK 30-35","7000","3","3","6997","2020"
"100191","POWER F MADU 1 DUS","7000","2","2","6998","2020"
"100232","TWISTKO 12G 1 RENCENG","7000","1","2","6998","2020"
"104452","ROTI GRESARIS 10000","7000","2","2","6998","2020"
"104618","SANDAL INKAYNI 19-24","7000","2","2","6998","2020"
"104741","RAKET NYAMUK MITSUYAMA","7000","2","2","6998","2020"
"105995","PLASTIK  PARASUT MAS HTM KECIL 1 IKAT","7000","2","2","6998","2020"
"109605","BUKU NOTA KONTAN 1 PACK","7000","2","2","6998","2020"
"113926","PLASTIK TEBAL UK.15X25","7000","2","2","6998","2020"
"114798","KIIP PACK 25","7000","2","2","6998","2020"
"116518","CLEAR ANTI KETOMBE MENTHOL SEGAR&DINGIN 9ML 6SASET","7000","2","2","6998","2020"
"117597","AIDA 25G RENCENG","7000","2","2","6998","2020"
"129533","MIE BULAN 1 IKAT","7000","2","2","6998","2020"
"135511","GERY PASTA COKELAT SPONGEBOB BOX","7000","2","2","6998","2020"
"137919","MALKIS KRIM KEJU 1 RENCENG","7000","2","2","6998","2020"
"139230","SEDAP KECAP MANIS 135ML 1 DUS","7000","2","2","6998","2020"
"139819","SENDOK AGAR BENING","7000","2","2","6998","2020"
"142361","PLASTIK BOYO UK 23X40","7000","2","2","6998","2020"
"142626","SAKURA GORENG 1 DUS","7000","1","2","6998","2020"
"142800","TONG SAMPAH ROSA 1 PCS","7000","1","2","6998","2020"
"144442","SCOTCH BRITE BASIC SABUT STAINLESS 1 RENCENG","7000","2","2","6998","2020"
"147330","TONG SAMPAH KECIL 1 PCS","7000","2","2","6998","2020"
"150285","MUTIARA JAMUR ALL VARIANS","7000","1","2","6998","2020"
"156373","ABC SUSU 5S","7000","1","2","6998","2020"
"161181","ROTI NESYA 15000","7000","2","2","6998","2020"
"162486","SAYANGKU XL1","7000","1","2","6998","2020"
"162836","SABRINA 2L 1 DUS","7000","2","2","6998","2020"
"165174","GOLDA 12S","7000","2","2","6998","2020"
"166736","DAMAI PISCOK","7000","1","2","6998","2020"
"167499","SANDAL DULUX KUDA PONY UK 24-29","7000","2","2","6998","2020"
"167530","HYPER NAPKIN 400GR","7000","2","2","6998","2020"
"168311","DAMAI ZEBRA","7000","2","2","6998","2020"
"173565","KETUMBAR 1/2 KG","7000","2","2","6998","2020"
"177983","DAMAI KOMBINASI MINI","7000","2","2","6998","2020"
"179409","SCOTCH BRITE SABUT SPONS 1 RENCENG","7000","2","2","6998","2020"
"184209","SANDAL DULUX UK 36-40","7000","2","2","6998","2020"
"186473","SAOS SARANANDA 1 BAL","7000","2","2","6998","2020"
"192389","M 11000","7000","2","2","6998","2020"
"195862","LAKBAN DAIMARU","7000","2","2","6998","2020"
"197215","GOLDA COFFE 200ML 1 PACK","7000","2","2","6998","2020"
"198431","SPRITE BTL 390ML 1 PACK","7000","2","2","6998","2020"
"200346","PLASTIK ES TOMAT 5X20","7000","2","2","6998","2020"
"209106","PORTO SANDAL SLOP UK 39-44","7000","2","2","6998","2020"
"213240","STEROFOAM SEBLAK 1 BAL","7000","2","2","6998","2020"
"214074","SUPER BUBUR ABON SAPI 1 RENCENG","7000","1","2","6998","2020"
"216755","PEPSODENT 120G 1 PACK","7000","2","2","6998","2020"
"220078","ROTI GRESARIS 11000","7000","2","2","6998","2020"
"220512","MAKARONI SELARAS MINIBIG 1KG","7000","2","2","6998","2020"
"222219","KERUPUK MIE 1 BAL","7000","2","2","6998","2020"
"224392","TUTUP BERKAT","7000","2","2","6998","2020"
"227174","RELIABLE BBY SET JUMPER PNDEK & PANJANG","7000","2","2","6998","2020"
"230652","SEDAP SALERO PADANG 1 DUS","7000","2","2","6998","2020"
"236134","SNACK RIBUT KILOAN 1 BAL","7000","2","2","6998","2020"
"237877","BALON POLOS 12IN PUTIH","7000","2","2","6998","2020"
"238245","SANDAL FASHION SPIDERMAN UK 30-35","7000","2","2","6998","2020"
"238292","DAMAI CAKE","7000","2","2","6998","2020"
"248942","KAMPER SC NAPHTHALENE WRNA 25G","7000","1","2","6998","2020"
"250271","VANILLI 1 BOX","7000","2","2","6998","2020"
"253865","BOTOL PIGEON 120ML","7000","2","2","6998","2020"
"255690","SUNSILK  SHP HIJAB ANTI KETOMBE 9ML 1RENCENG","7000","2","2","6998","2020"
"260167","KIPAS VOTRE","7000","2","2","6998","2020"
"261777","USUS KRISPY MUTIARA ZOE BESAR","7000","2","2","6998","2020"
"270544","EMPING MENTAH 1/4KG BESAR","7000","2","2","6998","2020"
"275337","AMPLOP COKLAT ","7000","1","2","6998","2020"
"276739","MINYAK GORENG DAUN 1 LTR 1 DUS","7000","2","2","6998","2020"
"285733","SEROK SAMPAH SHINPO","7000","2","2","6998","2020"
"286947","TEAJUS GULA BATU 1 DUS","7000","2","2","6998","2020"
"288400","ABC SAMBAL 135ML 1 DUS","7000","2","2","6998","2020"
"297054","PLASTIK PARASUT MAS PUTIH BESAR 1 IKAT","7000","2","2","6998","2020"
"100988","FANTA 1 LITER 1 PACK","7000","1","1","6999","2020"
"102346","SELARAS MAKARONI 1KG MEKAR","7000","1","1","6999","2020"
"102379","S-TEE 1 DUS","7000","1","1","6999","2020"
"106429","NESYA ISTIMEWA 8000","7000","1","1","6999","2020"
"107058","MALKIS COKELAT 1 RENCENG","7000","1","1","6999","2020"
"110744","BOLONI SANDAL B","7000","1","1","6999","2020"
"114986","SO KLIN PEWANGI GLAMOUR UNGU 1DUS","7000","1","1","6999","2020"
"117749","SEDAP SAMBAL GORENG 1 DUS","7000","1","1","6999","2020"
"118019","VIT 1500 ML 1 DUS","7000","1","1","6999","2020"
"118129","DAMAI BAL BAL","7000","1","1","6999","2020"
"121616","INDOMILK COKLAT 190ML BTL 1DUS","7000","1","1","6999","2020"
"122168","OLALA JAMBU CUP 150ML","7000","1","1","6999","2020"
"122576","SUNCO REFIL 1 LTR 1 DUS","7000","1","1","6999","2020"
"124423","SANIA 1 LITER 1 DUS","7000","1","1","6999","2020"
"126190","ABC SAMBAL EXTRA PEDAS 135ml 1 DUS","7000","1","1","6999","2020"
"126936","STOP KONTAK GOODCHIP GC-SKO6","7000","1","1","6999","2020"
"127709","MINYAK GURIH  1 LTER 1 DUS","7000","1","1","6999","2020"
"128641","SANDAL DULUX UK 30-35","7000","1","1","6999","2020"
"128729","ROTI GRESARIS 12000","7000","1","1","6999","2020"
"131088","PASEO SMART PRFM 12s 1PCS","7000","1","1","6999","2020"
"136281","SO KLIN LIQUID BLUE 22ML 1 DUS","7000","1","1","6999","2020"
"136573","TEPUNG SEGITIGA BIRU 1/4 KG","7000","1","1","6999","2020"
"137011","KERTAS MINYAK 1/4KG","7000","1","1","6999","2020"
"137493","SOFFEL JERUK 1 PACK","7000","1","1","6999","2020"
"137728","INDOMIE GORENG ACH 90G 1DUS","7000","1","1","6999","2020"
"137935","INDOFOOD RACIK IKAN GORENG 1 RENCENG","7000","1","1","6999","2020"
"139761","USUS KRISPY MUTIARA ZOE KECIL BALADO","7000","1","1","6999","2020"
"142861","DAMAI KOMBINASI BESAR","7000","1","1","6999","2020"
"143089","VIT 220ML BOTOL1 DUS","7000","1","1","6999","2020"
"147224","KERTAS MINYAK BUNGA 1 PACK","7000","1","1","6999","2020"
"149878","PEGAL LINU KOMPLIT RENCENG","7000","1","1","6999","2020"
"153796","KETUMBAR 1/4 KG","7000","1","1","6999","2020"
"155193","DAMAI MEDIUM ","7000","1","1","6999","2020"
"156122","CLEAR ANTI KETOMBE NUTRISI KOMPLIT & LEMBUT 9ML 6SASET","7000","1","1","6999","2020"
"160713","INDOFOOD RACIK AYAM GORENG 1 RENCENG","7000","1","1","6999","2020"
"161251","MADU PELANGI JERUK 20G 1PCK","7000","1","1","6999","2020"
"164735","MILKU STROBERI 200ML 1 PACK","7000","1","1","6999","2020"
"164976","CLEAR SHP COOL SPORT MNTL 6S","7000","1","1","6999","2020"
"167840","PLASTIK OPP 7X12 1 PCS","7000","1","1","6999","2020"
"173365","2 TANG  MELATI 1 RENCENG (ISI 10)","7000","1","1","6999","2020"
"174467","TEH GOPEK 1 SLOP","7000","1","1","6999","2020"
"175767","PLASTIK BOYO UK 20X30 1 IKAT","7000","1","1","6999","2020"
"177461","TIR-SA GELAS DUS ","7000","1","1","6999","2020"
"178390","TELOR GABUS 1 BAL","7000","1","1","6999","2020"
"178520","MINYAK JUJUR POUCH 450ML 1 DUS","7000","1","1","6999","2020"
"178795","SANMOL DROP 15ML","7000","1","1","6999","2020"
"184300","2 TANG  BLACK TEA 1 RENCENG  (ISI 10)","7000","1","1","6999","2020"
"184877","KERTAS WAJIK MERAH 1 PACK","7000","1","1","6999","2020"
"188331","JOLLY KULINER CORE 10ROLL","7000","1","1","6999","2020"
"188972","FRUTAMIN COCOBIT JERUK KELAPA 1 DUS","7000","1","1","6999","2020"
"189083","NULL","7000","1","1","6999","2020"
"190912","PANGSIT 1 BAL","7000","1","1","6999","2020"
"191997","MAKARONI SELARAS MINIBIG","7000","1","1","6999","2020"
"193638","SUNCO 2L 1 DUS","7000","1","1","6999","2020"
"199411","WAFER FAMILY 1 BLIK","7000","1","1","6999","2020"
"208312","MAKARONI PEDAS 1 BAL","7000","1","1","6999","2020"
"208343","PLASTIK BADER UK 12X25","7000","1","1","6999","2020"
"210854","ENERGEN VANILA 5'S","7000","1","1","6999","2020"
"212890","FRUTAMIN COCOBIT LYCHEE 1 DUS","7000","1","1","6999","2020"
"219233","MI WON 250G 1 BAL","7000","1","1","6999","2020"
"219905","LARUTAN CAP BADAK RASA JAMBU 238ML  1 DUS","7000","1","1","6999","2020"
"220175","CHOCOLATOS WAFER CREAM 26G 1 RENCENG","7000","1","1","6999","2020"
"220388","FETTA 2LITER 1 DUS","7000","1","1","6999","2020"
"221897","FRUTAMIN COCOBIT KELAPA MUDA 1 DUS","7000","1","1","6999","2020"
"222202","PULPEN X DATA","7000","1","1","6999","2020"
"224139","PISANG SALE 1 BAL","7000","1","1","6999","2020"
"224745","OMELA 370G KALENG 1BOX","7000","1","1","6999","2020"
"224963","PLASTIK SEMUT 15X19 TEBAL","7000","1","1","6999","2020"
"224996","ROTI MORISON 13000","7000","1","1","6999","2020"
"225106","SEROKAN LION STAR","7000","1","1","6999","2020"
"226645","PILUS WIJEN 1 BAL","7000","1","1","6999","2020"
"227361","NULL","7000","1","1","6999","2020"
"229210","BOLANG BALING 1 BAL","7000","1","1","6999","2020"
"231260","PLASTIK JOKI UK 21 PCS","7000","1","1","6999","2020"
"234429","SUNSILK SHP TEBAL&PANJANG 9ML 1RENCENG","7000","1","1","6999","2020"
"237513","ROSE BRAND BERAS 1 DUS","7000","1","1","6999","2020"
"237710","DOWNY UNGU 6S 1 RENCENG","7000","1","1","6999","2020"
"238074","BONEETO UHT COKLAT 115ML 1DUS","7000","1","1","6999","2020"
"239931","SEDAP MINYAK 1LTR 1 DUS","7000","1","1","6999","2020"
"240392","SUSKSES SOTO MIE 1 DUS","7000","1","1","6999","2020"
"241594","ABC KECAP 135 BTL 1 DUS","7000","1","1","6999","2020"
"246670","TUTUP GELAS POP ICE CEMBUNG","7000","1","1","6999","2020"
"246990","ABC KECAP MANIS 15ML SACSET 1 DUS","7000","1","1","6999","2020"
"247481","MILKU STROWBERRY 200ML PACK","7000","1","1","6999","2020"
"247926","INDOMIE AYAM SPESIAL 68G 1DUS","7000","1","1","6999","2020"
"249478","OPAK PEDAS 1BAL","7000","1","1","6999","2020"
"250778","INDOMIE GORENG ACEH 1 DUS","7000","1","1","6999","2020"
"253123","TERIGU DRAGON 1 KARUNG","7000","1","1","6999","2020"
"254790","ASTOR FAMILY 1 BLIK","7000","1","1","6999","2020"
"256526","KINGKONG 1 DUS","7000","1","1","6999","2020"
"256572","SASA SANTAN BUBUK 20G 1 RENCENG","7000","1","1","6999","2020"
"258795","ROSE BRAND REFIL 1 LITER DUS","7000","1","1","6999","2020"
"266365","SANIA 2 LITER 1 DUS","7000","1","1","6999","2020"
"267440","DUNHIL HITAM 1 SLOP","7000","1","1","6999","2020"
"267851","PLASTIK BOYO TEBAL UK.20X25","7000","1","1","6999","2020"
"269299","SOVIA 2 LITER REFIL 1 DUS","7000","1","1","6999","2020"
"269544","KRIPIK PISANG 1 BAL","7000","1","1","6999","2020"
"269951","LEM ATRICO 3GRM 1 LEMBAR","7000","1","1","6999","2020"
"270026","SANDAL SHEVANO UK 33-38","7000","1","1","6999","2020"
"270304","INDO MACRON 1000G","7000","1","1","6999","2020"
"275576","REXONA  DEO LOTION ADV WHITENING 9G 1 RENCENG","7000","1","1","6999","2020"
"275883","ISI GALON VIT","7000","1","1","6999","2020"
"276828","ABC SAMBAL EXTRA PEDAS 75GR POUCH 1 DUS","7000","1","1","6999","2020"
"277424","TUTUP GELAS POP ICE DATAR","7000","1","1","6999","2020"
"278301","OPAK 1 BAL","7000","1","1","6999","2020"
"281838","SANDAL SEPATU SPIDERMAN/IRON MAN","7000","1","1","6999","2020"
"282626","TEMPAT PENSIL KAIN RKT 23","7000","1","1","6999","2020"
"285160","SUKSES AYAM KREMES 1 DUS","7000","1","1","6999","2020"
"285774","SEDAP KARI AYAM 1 DUS","7000","1","1","6999","2020"
"289878","SUKSES AYAM KECAP DUS","7000","1","1","6999","2020"
"292710","CENDOL WIJEN 1 BAL","7000","1","1","6999","2020"
"293392","TINTA ZENITH HITAM","7000","1","1","6999","2020"
"293435","ADES 600ML 1 DUS","7000","1","1","6999","2020"
"294500","TORABIKA CREAMY LATTE 5'S 5's","7000","1","1","6999","2020"
"295171","KAPAL API SPESIAL 65G 1 RENCENG","7000","1","1","6999","2020"
"296765","SPOND MANDI BIASA","7000","1","1","6999","2020"
"297238","KRUPUK TENGIRI 1 BAL","7000","1","1","6999","2020"
"297509","STICKER ROOM DECOR AH-29","7000","1","1","6999","2020"
"298240","TOP COFFE KOPI SUSU 6 PCS","7000","1","1","6999","2020"
"299637","LUWAK WHITE KOPI  5S","7000","1","1","6999","2020"
